{
  "task": "amyloid",
  "fold": 3,
  "label": "CogniAlign + AF",
  "checkpoint": "/home/usuaris/veussd/roger.esteve.sanchez/CogniAligned/logs/amyloid_distil_wav2vec2_P_crossgated_mean/model_fold_3.pth",
  "num_classes": 2,
  "class_names": [
    "Negative",
    "Positive"
  ],
  "has_acoustic_features": true,
  "auc_roc": 0.8823529411764707,
  "num_samples": 31,
  "targets": [
    1,
    1,
    1,
    1,
    1,
    1,
    1,
    1,
    1,
    1,
    1,
    1,
    1,
    0,
    0,
    0,
    0,
    0,
    0,
    0,
    0,
    0,
    0,
    0,
    0,
    0,
    1,
    1,
    1,
    0,
    1
  ],
  "probs": [
    [
      0.098050057888031,
      0.901949942111969
    ],
    [
      0.09474450349807739,
      0.9052554965019226
    ],
    [
      0.12119531631469727,
      0.8788046836853027
    ],
    [
      0.12520098686218262,
      0.8747990131378174
    ],
    [
      0.13127249479293823,
      0.8687275052070618
    ],
    [
      0.2644721269607544,
      0.7355278730392456
    ],
    [
      0.10436010360717773,
      0.8956398963928223
    ],
    [
      0.21718668937683105,
      0.782813310623169
    ],
    [
      0.09345346689224243,
      0.9065465331077576
    ],
    [
      0.11279100179672241,
      0.8872089982032776
    ],
    [
      0.11575907468795776,
      0.8842409253120422
    ],
    [
      0.35139894485473633,
      0.6486010551452637
    ],
    [
      0.47041189670562744,
      0.5295881032943726
    ],
    [
      0.18352437019348145,
      0.8164756298065186
    ],
    [
      0.18181002140045166,
      0.8181899785995483
    ],
    [
      0.523343563079834,
      0.476656436920166
    ],
    [
      0.7914055585861206,
      0.2085944563150406
    ],
    [
      0.7870142459869385,
      0.21298576891422272
    ],
    [
      0.7382399439811707,
      0.26176005601882935
    ],
    [
      0.8500957489013672,
      0.1499042809009552
    ],
    [
      0.8627614974975586,
      0.1372385025024414
    ],
    [
      0.27200573682785034,
      0.7279942631721497
    ],
    [
      0.6234188079833984,
      0.37658119201660156
    ],
    [
      0.3506944179534912,
      0.6493055820465088
    ],
    [
      0.8739190697669983,
      0.1260809451341629
    ],
    [
      0.6611499786376953,
      0.3388500511646271
    ],
    [
      0.12400317192077637,
      0.8759968280792236
    ],
    [
      0.21630769968032837,
      0.7836923003196716
    ],
    [
      0.21124011278152466,
      0.7887598872184753
    ],
    [
      0.5710112452507019,
      0.4289887547492981
    ],
    [
      0.8574456572532654,
      0.14255434274673462
    ]
  ],
  "timestamp": "2026-03-18T11:31:16.899387"
}