{
  "task": "amyloid",
  "fold": 4,
  "label": "CogniAlign + AF",
  "checkpoint": "/home/usuaris/veussd/roger.esteve.sanchez/CogniAligned/logs/amyloid_distil_wav2vec2_P_crossgated_mean/model_fold_4.pth",
  "num_classes": 2,
  "class_names": [
    "Negative",
    "Positive"
  ],
  "has_acoustic_features": true,
  "auc_roc": 0.7263157894736841,
  "num_samples": 34,
  "targets": [
    1,
    1,
    1,
    1,
    1,
    1,
    1,
    1,
    1,
    1,
    1,
    1,
    1,
    0,
    1,
    0,
    0,
    0,
    0,
    0,
    0,
    0,
    0,
    0,
    0,
    0,
    0,
    0,
    1,
    1,
    0,
    1,
    1,
    1
  ],
  "probs": [
    [
      0.5587178468704224,
      0.44128215312957764
    ],
    [
      0.465374231338501,
      0.534625768661499
    ],
    [
      0.47574383020401,
      0.52425616979599
    ],
    [
      0.4778249263763428,
      0.5221750736236572
    ],
    [
      0.45087170600891113,
      0.5491282939910889
    ],
    [
      0.48026931285858154,
      0.5197306871414185
    ],
    [
      0.4914950728416443,
      0.5085049271583557
    ],
    [
      0.46702003479003906,
      0.5329799652099609
    ],
    [
      0.4800006151199341,
      0.5199993848800659
    ],
    [
      0.43343454599380493,
      0.5665654540061951
    ],
    [
      0.45166635513305664,
      0.5483336448669434
    ],
    [
      0.4598817825317383,
      0.5401182174682617
    ],
    [
      0.4621589183807373,
      0.5378410816192627
    ],
    [
      0.5285845398902893,
      0.4714154601097107
    ],
    [
      0.4781111478805542,
      0.5218888521194458
    ],
    [
      0.5251305103302002,
      0.4748695194721222
    ],
    [
      0.5041491985321045,
      0.4958508312702179
    ],
    [
      0.4922024607658386,
      0.5077975392341614
    ],
    [
      0.46644818782806396,
      0.533551812171936
    ],
    [
      0.5259273052215576,
      0.4740726947784424
    ],
    [
      0.4591946005821228,
      0.5408053994178772
    ],
    [
      0.4843302369117737,
      0.5156697630882263
    ],
    [
      0.4747961759567261,
      0.5252038240432739
    ],
    [
      0.4726349115371704,
      0.5273650884628296
    ],
    [
      0.528852641582489,
      0.471147358417511
    ],
    [
      0.5589892864227295,
      0.4410107433795929
    ],
    [
      0.5207383632659912,
      0.4792616665363312
    ],
    [
      0.46428173780441284,
      0.5357182621955872
    ],
    [
      0.4757292866706848,
      0.5242707133293152
    ],
    [
      0.4618300199508667,
      0.5381699800491333
    ],
    [
      0.5393728017807007,
      0.4606272280216217
    ],
    [
      0.5352237224578857,
      0.46477624773979187
    ],
    [
      0.497070848941803,
      0.502929151058197
    ],
    [
      0.43934738636016846,
      0.5606526136398315
    ]
  ],
  "timestamp": "2026-03-18T11:31:37.225712"
}