{
  "task": "amyloid",
  "fold": 2,
  "label": "CogniAlign + AF",
  "checkpoint": "/home/usuaris/veussd/roger.esteve.sanchez/CogniAligned/logs/amyloid_distil_wav2vec2_P_crossgated_mean/model_fold_2.pth",
  "num_classes": 2,
  "class_names": [
    "Negative",
    "Positive"
  ],
  "has_acoustic_features": true,
  "auc_roc": 0.8133333333333334,
  "num_samples": 35,
  "targets": [
    0,
    0,
    1,
    1,
    1,
    1,
    1,
    1,
    1,
    1,
    1,
    1,
    1,
    1,
    1,
    1,
    0,
    0,
    0,
    0,
    0,
    0,
    0,
    0,
    0,
    0,
    0,
    1,
    1,
    0,
    1,
    1,
    1,
    0,
    1
  ],
  "probs": [
    [
      0.5138984322547913,
      0.48610156774520874
    ],
    [
      0.4723469614982605,
      0.5276530385017395
    ],
    [
      0.4808160066604614,
      0.5191839933395386
    ],
    [
      0.5238627195358276,
      0.47613731026649475
    ],
    [
      0.4902479648590088,
      0.5097520351409912
    ],
    [
      0.5091060400009155,
      0.4908939599990845
    ],
    [
      0.49387866258621216,
      0.5061213374137878
    ],
    [
      0.49736714363098145,
      0.5026328563690186
    ],
    [
      0.5268731713294983,
      0.4731268286705017
    ],
    [
      0.49431371688842773,
      0.5056862831115723
    ],
    [
      0.48783040046691895,
      0.512169599533081
    ],
    [
      0.5153806209564209,
      0.4846193492412567
    ],
    [
      0.4938889145851135,
      0.5061110854148865
    ],
    [
      0.4845757484436035,
      0.5154242515563965
    ],
    [
      0.4823146462440491,
      0.5176853537559509
    ],
    [
      0.49622923135757446,
      0.5037707686424255
    ],
    [
      0.5023206472396851,
      0.49767932295799255
    ],
    [
      0.5014163255691528,
      0.4985836446285248
    ],
    [
      0.5086032152175903,
      0.49139678478240967
    ],
    [
      0.49931615591049194,
      0.5006838440895081
    ],
    [
      0.5388167500495911,
      0.46118324995040894
    ],
    [
      0.5449143052101135,
      0.4550856947898865
    ],
    [
      0.5725677609443665,
      0.42743223905563354
    ],
    [
      0.5201475620269775,
      0.47985246777534485
    ],
    [
      0.5766786932945251,
      0.42332130670547485
    ],
    [
      0.533004105091095,
      0.46699589490890503
    ],
    [
      0.5741625428199768,
      0.4258374571800232
    ],
    [
      0.49214476346969604,
      0.507855236530304
    ],
    [
      0.48667633533477783,
      0.5133236646652222
    ],
    [
      0.5289626121520996,
      0.4710373878479004
    ],
    [
      0.43452930450439453,
      0.5654706954956055
    ],
    [
      0.4887588620185852,
      0.5112411379814148
    ],
    [
      0.4739078879356384,
      0.5260921120643616
    ],
    [
      0.49257487058639526,
      0.5074251294136047
    ],
    [
      0.5218968391418457,
      0.4781031310558319
    ]
  ],
  "timestamp": "2026-03-18T11:30:57.061688"
}