{
  "task": "amyloid",
  "fold": 0,
  "label": "CogniAlign + AF",
  "checkpoint": "/home/usuaris/veussd/roger.esteve.sanchez/CogniAligned/logs/amyloid_distil_wav2vec2_P_crossgated_mean/model_fold_0.pth",
  "num_classes": 2,
  "class_names": [
    "Negative",
    "Positive"
  ],
  "has_acoustic_features": true,
  "auc_roc": 0.8131487889273357,
  "num_samples": 34,
  "targets": [
    0,
    0,
    1,
    1,
    1,
    1,
    1,
    1,
    1,
    1,
    1,
    1,
    1,
    1,
    1,
    0,
    0,
    0,
    0,
    0,
    0,
    0,
    0,
    0,
    0,
    0,
    1,
    0,
    0,
    1,
    0,
    1,
    1,
    0
  ],
  "probs": [
    [
      0.5572357177734375,
      0.4427642524242401
    ],
    [
      0.6082264184951782,
      0.39177361130714417
    ],
    [
      0.44340676069259644,
      0.5565932393074036
    ],
    [
      0.4514170289039612,
      0.5485829710960388
    ],
    [
      0.3926395773887634,
      0.6073604226112366
    ],
    [
      0.40946274995803833,
      0.5905372500419617
    ],
    [
      0.4046367406845093,
      0.5953632593154907
    ],
    [
      0.4025387763977051,
      0.5974612236022949
    ],
    [
      0.3983202576637268,
      0.6016797423362732
    ],
    [
      0.4325489401817322,
      0.5674510598182678
    ],
    [
      0.4392804503440857,
      0.5607195496559143
    ],
    [
      0.4180333614349365,
      0.5819666385650635
    ],
    [
      0.41237711906433105,
      0.587622880935669
    ],
    [
      0.41167551279067993,
      0.5883244872093201
    ],
    [
      0.5689303874969482,
      0.43106961250305176
    ],
    [
      0.5615657567977905,
      0.4384342432022095
    ],
    [
      0.5755218863487244,
      0.42447811365127563
    ],
    [
      0.5725675821304321,
      0.42743244767189026
    ],
    [
      0.4814962148666382,
      0.5185037851333618
    ],
    [
      0.5803993940353394,
      0.41960057616233826
    ],
    [
      0.6312617063522339,
      0.3687382638454437
    ],
    [
      0.5717648267745972,
      0.42823517322540283
    ],
    [
      0.5296234488487244,
      0.47037655115127563
    ],
    [
      0.417400598526001,
      0.582599401473999
    ],
    [
      0.384185791015625,
      0.615814208984375
    ],
    [
      0.4298946261405945,
      0.5701053738594055
    ],
    [
      0.64117431640625,
      0.35882568359375
    ],
    [
      0.598388671875,
      0.4016112983226776
    ],
    [
      0.5290185213088989,
      0.4709814488887787
    ],
    [
      0.49587398767471313,
      0.5041260123252869
    ],
    [
      0.5976294279098511,
      0.40237054228782654
    ],
    [
      0.43041127920150757,
      0.5695887207984924
    ],
    [
      0.38212740421295166,
      0.6178725957870483
    ],
    [
      0.5022862553596497,
      0.49771374464035034
    ]
  ],
  "timestamp": "2026-03-18T11:30:16.797814"
}