{
  "task": "amyloid",
  "fold": 1,
  "label": "CogniAlign + AF",
  "checkpoint": "/home/usuaris/veussd/roger.esteve.sanchez/CogniAligned/logs/amyloid_distil_wav2vec2_P_crossgated_mean/model_fold_1.pth",
  "num_classes": 2,
  "class_names": [
    "Negative",
    "Positive"
  ],
  "has_acoustic_features": true,
  "auc_roc": 0.7814814814814814,
  "num_samples": 33,
  "targets": [
    0,
    1,
    1,
    1,
    1,
    1,
    1,
    1,
    1,
    1,
    1,
    1,
    1,
    1,
    0,
    0,
    0,
    0,
    0,
    0,
    0,
    0,
    0,
    0,
    0,
    0,
    0,
    1,
    1,
    0,
    0,
    0,
    0
  ],
  "probs": [
    [
      0.538155198097229,
      0.461844801902771
    ],
    [
      0.24925976991653442,
      0.7507402300834656
    ],
    [
      0.780482828617096,
      0.21951717138290405
    ],
    [
      0.3158145546913147,
      0.6841854453086853
    ],
    [
      0.7480469942092896,
      0.25195300579071045
    ],
    [
      0.3020332455635071,
      0.6979667544364929
    ],
    [
      0.6141387224197388,
      0.38586124777793884
    ],
    [
      0.2841395139694214,
      0.7158604860305786
    ],
    [
      0.2221270203590393,
      0.7778729796409607
    ],
    [
      0.24964094161987305,
      0.750359058380127
    ],
    [
      0.27157557010650635,
      0.7284244298934937
    ],
    [
      0.214838445186615,
      0.785161554813385
    ],
    [
      0.24111992120742798,
      0.758880078792572
    ],
    [
      0.21950465440750122,
      0.7804953455924988
    ],
    [
      0.5012617111206055,
      0.4987383186817169
    ],
    [
      0.5143295526504517,
      0.48567044734954834
    ],
    [
      0.7231126427650452,
      0.27688735723495483
    ],
    [
      0.8994312882423401,
      0.1005687266588211
    ],
    [
      0.24779516458511353,
      0.7522048354148865
    ],
    [
      0.5453646183013916,
      0.4546354115009308
    ],
    [
      0.8626716732978821,
      0.13732832670211792
    ],
    [
      0.18777459859848022,
      0.8122254014015198
    ],
    [
      0.7576717734336853,
      0.2423282116651535
    ],
    [
      0.8671229481697083,
      0.13287705183029175
    ],
    [
      0.3393498659133911,
      0.6606501340866089
    ],
    [
      0.7958850860595703,
      0.2041148841381073
    ],
    [
      0.8416098952293396,
      0.1583901047706604
    ],
    [
      0.7077431678771973,
      0.2922568619251251
    ],
    [
      0.24913018941879272,
      0.7508698105812073
    ],
    [
      0.5667335987091064,
      0.43326637148857117
    ],
    [
      0.43186330795288086,
      0.5681366920471191
    ],
    [
      0.8885826468467712,
      0.11141733825206757
    ],
    [
      0.7386786937713623,
      0.2613213062286377
    ]
  ],
  "timestamp": "2026-03-18T11:30:36.853540"
}